"last_name, first_name","player_id","year","p_era","whiff_percent","ff_avg_speed","ff_avg_spin","ff_avg_break_x","ff_avg_break_z","sl_avg_speed","sl_avg_spin","sl_avg_break_x","sl_avg_break_z","cu_avg_speed","cu_avg_spin","cu_avg_break_x","cu_avg_break_z","st_avg_speed","st_avg_spin","st_avg_break_x","st_avg_break_z"
"Wainwright, Adam","425794","2021","3.05",19.7,"89","2228","-1.9","-19.7",,,,,"73.4","2835","16.6","-66.5",,,,
"Greinke, Zack","425844","2021","4.16",21.8,"88.9","2234","-1.3","-18","83.6","2357","7.9","-36","71.1","2358","11.3","-65.1",,,,
"Hill, Rich","448179","2021","3.86",23.1,"88.1","2339","9.2","-16.1","76.5","2384","-8.2","-48.6","71.7","2713","-19.5","-66.7","69.1","2610","-23.5","-57.7"
"Morton, Charlie","450203","2021","3.34",28.9,"95.5","2340","-13","-17.5",,,,,"80.6","3053","16.6","-52.5",,,,
"Lester, Jon","452657","2021","4.71",20,"88.7","2172","5","-20",,,,,"72.6","2437","-10.3","-57.8",,,,
"Scherzer, Max","453286","2021","2.46",34.1,"94.3","2436","-10.6","-14.8","85.8","2269","2.9","-32.5","76.9","2661","13.4","-54.4",,,,
"Happ, J.A.","457918","2021","5.79",19.3,"91","2298","7.9","-16.1","83","2225","-2.5","-36.1","76.2","2231","-4.7","-52.1",,,,
"Lynn, Lance","458681","2021","2.69",26.3,"94","2407","-6","-16","81.2","2254","3.9","-49.5","82.1","2476","6.6","-44.9",,,,
"Miley, Wade","489119","2021","3.37",23.7,"89.9","2239","2.8","-17.1","79.3","2308","-11.5","-39.7","74.7","2384","-10.5","-57.7",,,,
"Minor, Mike","501985","2021","5.05",24.3,"90.9","2544","1.9","-18.2","85.6","2723","-5.3","-35.1","80.4","2493","-7","-54.7",,,,
"Gibson, Kyle","502043","2021","3.71",24.9,"92.8","2292","-5.6","-15.5","83.5","2513","5.6","-40.2","79.4","2435","7.2","-51.7",,,,
"Darvish, Yu","506433","2021","4.22",27.3,"94.5","2513","-6.3","-11.8","86.2","2792","5.2","-35.6","75.3","2714","9.3","-63.1","81.6","2759","16.3","-43.1"
"Bumgarner, Madison","518516","2021","4.67",21.5,"90.4","2314","8.5","-18.2",,,,,"77.8","2462","-10.1","-48.4",,,,
"Harvey, Matt","518774","2021","6.27",18.9,"93.4","2157","-12.3","-17","86.9","2370","1.6","-29.8","79.9","2489","11.9","-49.8",,,,
"Kelly, Merrill","518876","2021","4.44",20.3,"91.7","2359","-7.2","-16.8",,,,,"81.3","2564","9.1","-51.3",,,,
"Pérez, Martín","527048","2021","4.74",19.3,"93.4","2107","11","-15.8",,,,,"78.7","2459","-5","-49.3",,,,
"Anderson, Tyler","542881","2021","4.53",23.1,"90.6","2291","9.1","-15.2","80","2458","-3.2","-38.5","73.7","2426","-5.9","-56.1",,,,
"Cole, Gerrit","543037","2021","3.23",31.9,"97.7","2452","-12","-10.9","88.4","2600","5.3","-34.4","83.4","2800","10.5","-51.6",,,,
"DeSclafani, Anthony","543101","2021","3.17",24,"94.1","2265","-9.6","-14.6","87.9","2198","4.1","-30.5","83","1964","6.3","-46",,,,
"Eovaldi, Nathan","543135","2021","3.75",25.9,"96.8","2113","-12.2","-14.9","85.8","2156","6","-35.1","78.5","2086","9.9","-55",,,,
"Gray, Sonny","543243","2021","4.19",26.1,"92.3","2423","-1.8","-16.6","83.6","2597","5.6","-42.7","79.3","2749","14.1","-57.8","82","2612","17.3","-46.6"
"Hendricks, Kyle","543294","2021","4.77",20.1,"87.3","1942","-6.9","-20.4",,,,,"73.2","2844","14.9","-63.4",,,,
"Lyles, Jordan","543475","2021","5.15",23.5,"93","2278","-7","-13.6","84.9","2705","5.9","-37.6","80.3","2619","6.9","-57.4","82.3","2638","12.9","-40.1"
"Ryu, Hyun Jin","547943","2021","4.37",22.6,"89.9","1944","11.9","-20.9","79.8","2059","-3.1","-42.1","73.9","2512","-11.7","-64.2",,,,
"Wheeler, Zack","554430","2021","2.78",26.5,"97.2","2388","-7.6","-13.1",,,,,"81.5","2638","9.8","-52.9",,,,
"Corbin, Patrick","571578","2021","5.82",24.8,"92.3","2148","8.1","-17.1","80.7","2216","-3.5","-41.5","65.2","1782","-3.7","-65.7",,,,
"Heaney, Andrew","571760","2021","5.83",28.2,"92","2443","15.3","-17.4","78.6","2463","-4.6","-47.5","79.4","2574","-7.1","-46.7",,,,
"Matz, Steven","571927","2021","3.82",22.3,,,,,"88.9","2080","1.2","-28.9","77.6","2336","-13.3","-54.8",,,,
"Richards, Garrett","572070","2021","4.87",22.4,"94.3","2468","1.3","-22","88.1","2745","3.1","-37.3","78.3","3140","11","-65",,,,
"Keuchel, Dallas","572971","2021","5.28",21,"89","2210","5.2","-19.7","77.8","2374","-6.8","-44.5",,,,,,,,
"Stroman, Marcus","573186","2021","3.02",26.7,"92.6","2438","-4.3","-18.6","87.2","2643","4.1","-38.7","74.9","2514","16.5","-51",,,,
"Kikuchi, Yusei","579328","2021","4.41",27.7,"95.1","2213","10.2","-14","82.5","2404","-2.6","-43",,,,,,,,
"Foltynewicz, Mike","592314","2021","5.44",18.3,"93.8","2155","-10.5","-15.8","83.2","2426","5.3","-37.3","76.7","2316","10.3","-45.5",,,,
"Gausman, Kevin","592332","2021","2.81",31.3,"94.6","2283","-10.4","-14.2","82","2197","1.9","-39.2",,,,,,,,
"Gray, Jon","592351","2021","4.59",26.7,"94.9","2152","-12.9","-19.2","86.7","2408","2.6","-32.7","76","2585","11.3","-56.6",,,,
"Ray, Robbie","592662","2021","2.84",32.3,"94.8","2272","8.2","-13.5","88.6","2186","-1","-27.6","82.5","2125","-1.3","-40.2",,,,
"Smyly, Drew","592767","2021","4.48",24.9,,,,,,,,,"78.9","2096","2.9","-44.2",,,,
"Taillon, Jameson","592791","2021","4.30",26.4,"93.9","2419","-3.4","-13.2","86.6","2525","5.8","-30.7","80.7","2732","10.2","-54.9","84.5","2364","4.9","-36"
"Walker, Taijuan","592836","2021","4.47",23.4,"94.5","2094","-9.4","-13.5","86.1","2415","4.6","-31.1","76.4","2356","7.8","-59.7",,,,
"Montas, Frankie","593423","2021","3.37",29.6,"96.4","2396","-7.1","-12","88.1","2478","5.7","-30.8",,,,,,,,
"Rodriguez, Eduardo","593958","2021","4.74",26.3,"92.5","2177","7.3","-17.1","82.1","2140","-3","-44.4",,,,,,,,
"Gonzales, Marco","594835","2021","3.96",20.4,"88.4","2143","10.7","-17.5",,,,,"75.2","2282","-6.1","-61.5",,,,
"Pivetta, Nick","601713","2021","4.53",24.6,"94.8","2294","-5.1","-10.8","86","2288","5.5","-35.2","78.6","2742","8","-63.6",,,,
"Bassitt, Chris","605135","2021","3.15",23.8,"93.2","2170","-7.7","-16.9","82.8","2255","6.2","-37.6","71.7","2328","13.5","-67.4","75.2","2355","18.3","-48.5"
"Davies, Zach","605200","2021","5.78",22.3,,,,,"80","2300","4.2","-43.3","74.2","2459","9.6","-59.8",,,,
"Houser, Adrian","605288","2021","3.22",18.4,"94.1","2177","-8.4","-15.4","84","2165","5.8","-35.6","80","1855","5.4","-55.7",,,,
"López, Jorge","605347","2021","6.07",20.6,"95.3","1977","-9.5","-15.1","85.9","2231","1.6","-31.9","81.9","2378","7.9","-52",,,,
"Musgrove, Joe","605397","2021","3.18",29.3,"93.3","2600","-5","-18.6","84.1","2784","14","-40.5","82.1","2808","11","-54.7",,,,
"Nola, Aaron","605400","2021","4.63",27.9,"92.9","2198","-13.3","-17.6",,,,,"78.5","2529","14.6","-55.1",,,,
"Snell, Blake","605483","2021","4.20",31.6,"95.1","2399","5.7","-11.6","86.5","2417","-4.3","-35.5","79.5","2259","-11.1","-55.9",,,,
"Woodruff, Brandon","605540","2021","2.56",28.2,"96.5","2356","-6.3","-12.7","86.5","2553","3.8","-39.2","83.8","2644","4.5","-51.2",,,,
"Rodón, Carlos","607074","2021","2.37",33.2,"95.4","2293","7.9","-12.6","85.8","2453","-8.2","-38.2","76.7","2253","-6.6","-54.3",,,,
"Fedde, Erick","607200","2021","5.47",21.9,"93.2","1850","-3.5","-22.4",,,,,"79.7","2282","14.3","-44.5",,,,
"Freeland, Kyle","607536","2021","4.33",21.1,"91.4","2398","6.3","-19.6","86","2324","-2.5","-32","80.2","2437","-5.6","-51.6",,,,
"Means, John","607644","2021","3.62",25.3,"92.8","2399","6.7","-11.9","86.3","2326","-3.4","-27.4","78","2278","-13.1","-52.3",,,,
"Fried, Max","608331","2021","3.04",24.3,"94","2114","1.4","-18.1","84.7","2483","-8.8","-37.9","74.4","2650","-8.3","-65.3","82.4","2564","-20","-44.6"
"Giolito, Lucas","608337","2021","3.53",32.2,"93.8","2345","-6.7","-12","85.6","2028","2.7","-32.4","80.6","2382","6.4","-52.4",,,,
"Irvin, Cole","608344","2021","4.24",19.2,"90.8","1956","8.2","-16.6","83","2008","-2.5","-38","76.9","2056","-3.9","-51.9",,,,
"Wacha, Michael","608379","2021","5.05",23,"93.8","2091","-6.8","-12.6",,,,,"76.2","2191","11.3","-56.4",,,,
"Márquez, Germán","608566","2021","4.40",27,"94.8","2078","-6","-18.6","86.2","2420","1.5","-34.9","85.2","2683","4","-40.3",,,,
"Quantrill, Cal","615698","2021","2.89",21.9,"94.4","2163","-8.5","-14.5","86.7","2309","3.7","-34.6","81.3","2353","3.9","-43.2",,,,
"Kaprielian, James","621076","2021","4.07",27.2,"93","2035","-8.5","-16.3","85.3","2274","0.8","-32.9","78","2443","6.8","-51.2",,,,
"Buehler, Walker","621111","2021","2.47",26.3,"95.3","2472","-3.1","-12","84.9","2798","14.2","-37.1","80.1","2861","10.7","-57.7",,,,
"McCullers Jr., Lance","621121","2021","3.16",30.2,,,,,"86","2797","13.7","-32.5","84.2","2923","11.9","-49.3",,,,
"Mills, Alec","621219","2021","5.07",18.3,"88.7","2167","-9.3","-20.7","76.6","2528","16.6","-50.5","65.8","2317","12.5","-74.3",,,,
"Berríos, José","621244","2021","3.52",23.7,"94.1","2231","-9.9","-16.5",,,,,,,,,,,,
"Wood, Alex","622072","2021","3.83",27.3,,,,,"83.9","2117","-3.9","-41.3",,,,,,,,
"Castillo, Luis","622491","2021","3.98",28.7,"97.1","2325","-11.3","-16.2","86.4","2441","0.5","-36.8",,,,,,,,
"Senzatela, Antonio","622608","2021","4.42",19.5,"94.6","2096","-4.9","-19.3","86.1","2083","5","-34.1","77.8","2158","6.6","-51.1",,,,
"Flexen, Chris","623167","2021","3.61",19.2,"92.8","2107","-2","-13.5",,,,,"77.2","2708","7.9","-59.1",,,,
"Urías, Julio","628711","2021","2.96",24.1,"94.1","2499","3.8","-13.5",,,,,,,,,,,,
"Crowe, Wil","640444","2021","5.48",25.3,"93.7","2407","-3.1","-14.5","85.3","2716","6.5","-37.6","80.4","2440","4.9","-55.3",,,,
"Manaea, Sean","640455","2021","3.91",27.1,"92.1","1957","7.9","-18.8","82.8","2010","-4.4","-37.2",,,,,"78.2","2109","-14.9","-44"
"Alzolay, Adbert","640470","2021","4.58",26.8,"94","2295","-7.8","-14.2","86.2","2610","7.3","-33.4","80","2648","7.6","-42.7",,,,
"Dunning, Dane","641540","2021","4.51",23.2,"90","2011","-6.5","-26.6","79.7","2071","4.7","-48.5","78.2","2074","7.8","-59.7",,,,
"Keller, Brad","641745","2021","5.39",22.2,"94.2","2322","1","-16.7","86.1","2582","6.1","-40.6",,,,,,,,
"Mahle, Tyler","641816","2021","3.75",28.4,"94","2336","-12.1","-13.9","86.7","2535","2.9","-29.4",,,,,,,,
"Yarbrough, Ryan","642232","2021","5.11",21.1,"84.3","1999","8.9","-32",,,,,"71.1","2270","-15.5","-49.3",,,,
"Peralta, Freddy","642547","2021","2.81",34.1,"93.4","2370","-7","-14.9","80.5","2264","14.3","-39.3","76.8","2213","8.4","-52",,,,
"Alcantara, Sandy","645261","2021","3.19",27.3,"98.1","2239","-10.6","-14.8","90.4","2359","-1.3","-30.1","83.7","2396","3.8","-42.9",,,,
"Cease, Dylan","656302","2021","3.91",34.6,"96.7","2543","-4.4","-10.5","85.9","2880","6.9","-38.1","79.9","2754","5.3","-61.7",,,,
"Montgomery, Jordan","656756","2021","3.83",29,"92.6","2284","7.4","-15.3",,,,,"80","2246","-0.9","-46.7",,,,
"Webb, Logan","657277","2021","3.03",28.7,"93.2","2133","-8.4","-20.4",,,,,,,,,"82.4","2688","10.8","-41.9"
"Ohtani, Shohei","660271","2021","3.18",28.9,"95.6","2218","-3.8","-14.6","80.6","2273","7.6","-44.8","74.5","2370","12.1","-63.9","82.3","2350","15.8","-37.5"
"Bubic, Kris","663460","2021","4.43",23.4,"90.9","2073","6.2","-17.7",,,,,"78.5","2619","-8.3","-59.5",,,,
"Allard, Kolby","663465","2021","5.41",19.8,"91.5","2121","7.9","-15.7",,,,,"75.9","1896","-4.5","-56.6",,,,
"Mize, Casey","663554","2021","3.71",22.6,"93.9","2151","-9.2","-15.4","85.9","2239","3.8","-34.9","81.3","2197","9.7","-51.5",,,,
"McClanahan, Shane","663556","2021","3.43",32,"96.4","2256","10.5","-13.3","89.1","2400","-3.8","-32.3","82.5","2653","-6","-51",,,,
"Singer, Brady","663903","2021","4.91",25.1,"92.7","2264","-4.7","-15.2","85.4","2393","3.8","-36.6",,,,,,,,
"Brubaker, JT","664141","2021","5.36",27.3,"92.9","2178","-8.7","-15.8","87.2","2648","1.3","-32.9","79.5","2801","6.4","-51.9",,,,
"Valdez, Framber","664285","2021","3.14",26,"92.1","2183","5","-22",,,,,"77.9","2873","-13.5","-61",,,,
"Anderson, Ian","666120","2021","3.58",28.5,"94.6","2045","-5.4","-13.2",,,,,"80.7","1895","1","-48.4",,,,
"Plesac, Zach","668676","2021","4.67",23.1,"92.8","2047","-8.7","-14.7","86.7","2033","0.1","-27.5","80.2","1884","1.7","-48.7",,,,
"Gallen, Zac","668678","2021","4.30",23.3,"93.4","2324","-3.4","-14.1","86.1","2467","7.7","-37","79.7","2437","8.3","-55.1",,,,
"Burnes, Corbin","669203","2021","2.43",36.5,"96.4","2607","-5.7","-15.4","88","2861","7.6","-35.3","81.2","2867","11.3","-49.3",,,,
"Gilbert, Logan","669302","2021","4.68",27.1,"95.3","2200","-5.4","-12.1","83.4","2276","6.5","-35","75","2117","5.1","-56.7",,,,
"Skubal, Tarik","669373","2021","4.34",26.7,"94.3","2192","8.3","-14.8","86.5","2060","-1.8","-32.6","73.8","2222","-7.9","-63.9",,,,
"Rogers, Trevor","669432","2021","2.64",30.7,"94.5","2375","11.1","-16","81.8","2115","-1.7","-37.5",,,,,,,,
"Garcia, Luis","677651","2021","3.48",30.5,"93.3","2354","-5","-13","79.9","2374","15.8","-45.8","75.9","2264","5.9","-59.2",,,,
"Wainwright, Adam","425794","2022","3.71",16.9,"88","2233","-1.4","-20.2","75.3","2682","18.6","-54.2","72.8","2768","16.1","-67.5",,,,
"Greinke, Zack","425844","2022","3.68",17.3,"89.2","2286","-2.1","-18.4","81.8","2448","8.4","-34.7","72","2433","12.5","-64.4",,,,
"Verlander, Justin","434378","2022","1.75",24.2,"95","2423","-9.5","-11.4","87.4","2464","4","-31","79","2644","6.9","-55.3",,,,
"Kluber, Corey","446372","2022","4.34",23.9,"88.9","2271","-6.3","-20.2",,,,,"80.7","2526","16.5","-41",,,,
"Hill, Rich","448179","2022","4.27",22,"88.5","2252","8.2","-16.4",,,,,"71.8","2629","-17.8","-67.7","69.2","2531","-22.7","-56.5"
"Morton, Charlie","450203","2022","4.34",29.2,"94.9","2373","-10.6","-17.9",,,,,"81.3","3068","15.5","-51.1",,,,
"Scherzer, Max","453286","2022","2.29",30.6,"94","2387","-11.1","-15","85","2303","3.2","-34.7","75","2764","16.6","-58.4",,,,
"Cueto, Johnny","456501","2022","3.35",17.6,"91.4","2188","-12.2","-17.8","83.5","2235","2.7","-33.7","69.9","2095","3.5","-57",,,,
"Lynn, Lance","458681","2022","3.99",28.5,"92.9","2443","-3.7","-18.3","86","2548","5.1","-35.5","82","2497","10.5","-42.2",,,,
"Carrasco, Carlos","471911","2022","3.97",27.6,"93.2","2282","-7.6","-17.5","84.8","2456","2.3","-35.7","81.1","2654","7.6","-46.7",,,,
"Quintana, Jose","500779","2022","2.93",23.8,"91.2","2077","2.4","-17.7",,,,,"78.3","2263","-7.1","-52.7",,,,
"Gibson, Kyle","502043","2022","5.05",25.1,"92","2279","-6.2","-16.4","83.4","2518","4.6","-40.7","79.1","2467","7.3","-52.5","82.9","2458","7.8","-37.2"
"Cobb, Alex","502171","2022","3.73",24.8,"95.3","2214","-8.6","-14.3","85.1","2531","4","-45.1","83.8","2610","5.9","-52",,,,
"Darvish, Yu","506433","2022","3.10",25.1,"95","2416","-7.2","-13.5","86","2778","5.7","-37.1","76.1","2704","10.6","-61.1","82.7","2726","16.2","-40.3"
"Bumgarner, Madison","518516","2022","4.88",18.1,"91.2","2209","7.8","-17.7","83.3","2205","-5.8","-39.7","78.6","2304","-9.2","-47.1",,,,
"Kelly, Merrill","518876","2022","3.37",23.6,"92.6","2360","-7.9","-16.7","85","2416","1.8","-34.5","82.2","2550","9.1","-50.9",,,,
"Pérez, Martín","527048","2022","2.89",21,"92.7","2055","10.9","-17.4","84.5","2398","-3.5","-32.7","78.8","2515","-6.3","-49",,,,
"Anderson, Tyler","542881","2022","2.57",24.2,"90.7","2231","7.5","-15.3",,,,,"73.2","2141","-2","-59.2",,,,
"Cole, Gerrit","543037","2022","3.50",33.9,"97.8","2428","-10.4","-10.5","88.7","2569","5","-34.2","83","2779","10.2","-53",,,,
"Lyles, Jordan","543475","2022","4.42",21.9,"91.8","2204","-5.9","-15.5",,,,,"79.1","2433","7.6","-58.7","80","2638","16.8","-44.2"
"Stripling, Ross","548389","2022","3.01",23.5,"91.9","2124","-5.2","-13.7","87.1","2301","4.5","-29.6","76.1","2377","7.2","-59",,,,
"Wheeler, Zack","554430","2022","2.82",25.1,"95.9","2392","-9.2","-13.6",,,,,"81.3","2654","9.2","-51.7",,,,
"Corbin, Patrick","571578","2022","6.31",20.7,"92.1","2130","7.9","-17.5","81.7","2184","-2.9","-39.6","74.2","1944","-2.5","-51.4",,,,
"Mikolas, Miles","571945","2022","3.29",18.5,"93.5","2292","-4.9","-16.3","87.7","2381","3.9","-31.1","76","2547","8.7","-63.3",,,,
"Stroman, Marcus","573186","2022","3.50",22.4,"92.6","2425","-4.6","-18.1","86.4","2692","4.9","-40.5",,,,,,,,
"Gausman, Kevin","592332","2022","3.35",29.4,"95","2265","-10.5","-13.1","84.4","2206","1.2","-35.1",,,,,,,,
"Gray, Jon","592351","2022","3.96",25.9,"95.9","2015","-11.4","-17.2","85.8","2212","-2.1","-28.7","77.8","2597","14.5","-56","84.9","2471","10.2","-32.6"
"Ray, Robbie","592662","2022","3.71",30,"93.4","2282","6.7","-13.4","87.2","2190","-1.5","-28.3","79.7","2106","-2.5","-43.7",,,,
"Syndergaard, Noah","592789","2022","3.94",20.1,"94.1","2136","-5.7","-16.7","85.2","2151","5.5","-36.6","77.8","2136","10.3","-45.5",,,,
"Taillon, Jameson","592791","2022","3.91",23,"94.1","2370","-5.7","-13.2","86.1","2556","6.2","-32.5","81.1","2734","9.2","-51.9","84.1","2640","10.1","-37.8"
"Walker, Taijuan","592836","2022","3.49",23.6,"93.7","2148","-10.1","-14","84.9","2403","5.3","-32.5","75","2226","7","-60.5","83.2","2497","7","-39.2"
"Montas, Frankie","593423","2022","4.05",27.6,"96.1","2357","-6.3","-12.8","87.2","2410","6.2","-32.8",,,,,,,,
"Gonzales, Marco","594835","2022","4.13",18.3,"88.5","1986","12.2","-20.3",,,,,"76.6","2114","-6.3","-59.8",,,,
"Gomber, Austin","596295","2022","5.56",21.9,"91","2156","6.3","-15.6","84.3","2391","-5","-34.7","75.8","2497","-7","-61.6",,,,
"Pivetta, Nick","601713","2022","4.56",23.5,"93.4","2310","-5.1","-10.9","83","2476","6.9","-42","77.2","2710","7.9","-65.3",,,,
"Bassitt, Chris","605135","2022","3.42",23.6,"93.2","2191","-5.5","-17.8","82.7","2345","6.9","-38.8","71.6","2330","14.9","-68","75.2","2318","18.8","-48.5"
"Bundy, Dylan","605164","2022","4.89",21.1,"89","2352","-4.5","-15.3","79.1","2404","5.3","-44.4","72.2","2148","8.2","-63.4",,,,
"Davies, Zach","605200","2022","4.09",21.4,"89.9","2114","-13.9","-20","75.9","2498","15.6","-52.7","74.8","2580","10.9","-62","78.1","2604","18.8","-47.6"
"Musgrove, Joe","605397","2022","2.93",25.5,"92.9","2559","-4.2","-18.3","82.9","2714","12.7","-41.9","81.3","2723","9.6","-55.5",,,,
"Nola, Aaron","605400","2022","3.25",27.9,"92.8","2308","-13.1","-16.6",,,,,"78.6","2589","14.4","-55.7",,,,
"Snell, Blake","605483","2022","3.38",32.8,"95.8","2434","5.2","-11.2","88.9","2389","-4.1","-29.9","81.4","2297","-12.2","-51",,,,
"Springs, Jeffrey","605488","2022","2.46",29.5,"91.4","2254","11.4","-15.3","85.4","2188","-4.5","-32.4",,,,,,,,
"Thompson, Zach","605507","2022","5.18",24,"92.3","2386","-2","-18.1",,,,,"76.6","2244","5","-56.5",,,,
"Woodruff, Brandon","605540","2022","3.05",31.1,"96.3","2350","-6","-12.1","88","2408","3.8","-32","84","2497","2.5","-46",,,,
"Rodón, Carlos","607074","2022","2.88",31.2,"95.5","2349","6","-12","85.4","2447","-8.1","-38.6","79.8","2454","-6.4","-55.5",,,,
"Fedde, Erick","607200","2022","5.81",18.3,,,,,,,,,"78.4","2388","14.7","-46.9",,,,
"Freeland, Kyle","607536","2022","4.53",20.8,"90.2","2390","5.7","-20.2","85.4","2375","-1.4","-32.7","80.9","2446","-4.3","-48.5",,,,
"Fried, Max","608331","2022","2.48",25.9,"94","2139","1.7","-18.5","87.3","2392","-3.8","-34.9","74.2","2748","-9.5","-66.8","80","2646","-14","-47.8"
"Giolito, Lucas","608337","2022","4.90",28.5,"92.6","2172","-5.4","-13.9","84.4","1959","3.5","-37.2","79.2","2348","7.2","-56.3",,,,
"Irvin, Cole","608344","2022","3.98",20.5,"90.7","1976","9.9","-17.2",,,,,"77.5","2074","-8.2","-49.6",,,,
"Wacha, Michael","608379","2022","3.32",20.7,"93","2122","-6.7","-12.4",,,,,"74.7","2173","10.3","-58.8",,,,
"Márquez, Germán","608566","2022","4.95",23,"95.6","2138","-9","-16.6","87.7","2390","0.3","-31.1","86.5","2577","1.1","-38.3",,,,
"Quantrill, Cal","615698","2022","3.38",18.5,"93.5","2167","-6.6","-13.8",,,,,"82.7","2447","3.7","-42.9",,,,
"Kaprielian, James","621076","2022","4.23",21.2,"94","2006","-7.6","-15.5","85","2291","4.5","-34.3","79.3","2496","7.3","-51.9",,,,
"Berríos, José","621244","2022","5.23",21.2,"94","2241","-10.6","-16.6",,,,,,,,,,,,
"Wood, Alex","622072","2022","5.10",25,,,,,"84.5","2067","-3.1","-41.1",,,,,,,,
"Castillo, Luis","622491","2022","2.99",27.8,"97.1","2354","-11.4","-15.4","86.5","2422","1.1","-36",,,,,,,,
"Flexen, Chris","623167","2022","3.73",21.7,"91.7","2132","-2.3","-13.7","81.1","2523","7","-43.1","74.6","2651","8.4","-64.6","80.2","2587","12.6","-44.6"
"Suárez, Ranger","624133","2022","3.65",21.3,"93.2","1894","6.6","-20.1","82.4","2114","-6.6","-38.8","76.6","2228","-9.7","-55.5",,,,
"Urías, Julio","628711","2022","2.16",23.7,"93.1","2521","3","-14.9",,,,,,,,,,,,
"Manaea, Sean","640455","2022","4.96",25.5,"91.3","2001","12.5","-20.2","81.6","2036","-3.8","-38.9","80.7","2016","-7.2","-38.7","77.3","2014","-13.2","-44.7"
"López, Pablo","641154","2022","3.75",28.1,"93.5","2196","-4.5","-17.9",,,,,"80.9","2495","11","-51.7",,,,
"Cortes Jr., Nestor","641482","2022","2.44",24.4,"91.8","2270","4.1","-12.7",,,,,"72.1","2437","-9","-56.9","77.1","2521","-15.2","-42.4"
"Dunning, Dane","641540","2022","4.46",24.4,"88","2034","-5.8","-26.6","78.7","2081","7.5","-48.5","80.1","2215","10.1","-55.2",,,,
"Hudson, Dakota","641712","2022","4.45",17.6,"91.3","2169","-4.2","-24.3","87.8","2366","0.5","-30.7","80.5","2420","7.4","-46.9",,,,
"Keller, Brad","641745","2022","5.09",21.5,"94.5","2409","2.4","-17.3","86.9","2541","5.7","-38.5","87.8","2543","4.8","-37.5",,,,
"Kuhl, Chad","641771","2022","5.72",23.6,"92.9","2218","-9.3","-18","86.5","2541","3","-34.4","79.5","2866","12.3","-54.6",,,,
"Lauer, Eric","641778","2022","3.69",24.2,"93.3","2289","9.8","-14.6","86.7","2286","-3.1","-32.3","78.2","2400","-6.4","-52.7",,,,
"Mahle, Tyler","641816","2022","4.40",26.8,"93.2","2293","-10.2","-13.5","83.9","2496","5","-36.8",,,,,,,,
"Alcantara, Sandy","645261","2022","2.28",25.4,"98","2199","-12","-14.9","90","2355","0.3","-30.5","86.2","2350","2.4","-39.3",,,,
"Cease, Dylan","656302","2022","2.20",33.2,"96.8","2507","-3","-10.3","87.4","2833","4","-35","81.1","2697","3.6","-59.1",,,,
"Keller, Mitch","656605","2022","3.91",21.4,"95.5","2422","-7.3","-15.2","87.1","2452","4.9","-36.2","78.7","2576","11.2","-60","83.2","2691","17.4","-42"
"Montgomery, Jordan","656756","2022","3.48",27.4,"93","2305","8.7","-16.8",,,,,"80.2","2263","-2.9","-47.7",,,,
"Rasmussen, Drew","656876","2022","2.84",25.3,"95.5","2398","-2.3","-13.6","85.4","2514","1","-43.1","79.6","2692","4","-59.5","84.6","2470","12.4","-42.2"
"Steele, Justin","657006","2022","3.18",24,"92.2","2490","-1.6","-19.4","82","2687","-14","-43.3","78.4","2539","-11.9","-53",,,,
"Wright, Kyle","657140","2022","3.19",26.3,"95.1","2384","-11.4","-17.7","90.1","2395","-1","-25.5","84.7","2723","9","-46.6",,,,
"Otto Jr., Glenn","657248","2022","4.64",23.1,"92.1","2264","-4.2","-17.1",,,,,"81.2","2461","6.6","-52.3","81.1","2590","16.5","-42.4"
"Webb, Logan","657277","2022","2.90",24,"92.4","2069","-9.3","-22.4",,,,,,,,,"82.5","2628","10.2","-39.4"
"Ryan, Joe","657746","2022","3.55",25.6,"92","2194","-10.7","-17.5","82.3","2136","3.2","-37.4","74.9","2371","10.7","-56.3","80.1","2265","8.7","-40.5"
"Ohtani, Shohei","660271","2022","2.33",33,"97.3","2217","-3.5","-14.5","85.2","2498","7","-43.5","77.6","2482","11.2","-59.6","85.3","2492","14","-32.7"
"Bubic, Kris","663460","2022","5.58",21.3,"91.9","2134","7.7","-15.9",,,,,"79.4","2609","-7.6","-56.4",,,,
"McKenzie, Triston","663474","2022","2.96",26.7,"92.5","2312","-3","-11.6","87.3","2197","5.3","-25.7","79.4","2198","7.9","-51.3",,,,
"McClanahan, Shane","663556","2022","2.54",34.3,"96.7","2233","10.8","-11.7","89.3","2348","-3.6","-30.5","82","2628","-7.6","-52.1",,,,
"Lynch IV, Daniel","663738","2022","5.13",25.4,"94","2125","6.8","-15.2","86","2018","-0.4","-33.6","81.6","2096","-1.7","-45.4",,,,
"Sandoval, Patrick","663776","2022","2.91",29.5,"93.1","2037","4","-15.1","86.3","2551","-6.6","-35.6","78.6","2779","-7.6","-56.5",,,,
"Singer, Brady","663903","2022","3.23",22.9,"92.6","2327","-7.6","-20.2","85.5","2341","3.6","-36.8",,,,,,,,
"Brubaker, JT","664141","2022","4.69",27.3,"92.7","2156","-9.3","-16.2","86.7","2653","0.9","-34.3","80","2813","6.5","-50.9",,,,
"Valdez, Framber","664285","2022","2.82",25.6,"94","2193","7.5","-22.2","83","2669","-3.6","-44.8","79.2","2849","-11.7","-60.4",,,,
"Javier, Cristian","664299","2022","2.54",30.4,"93.8","2354","-7.3","-12.3","79.9","2621","15.1","-40.2","76.5","2884","13.2","-56.4",,,,
"Urquidy, José","664353","2022","3.94",22.3,"93.5","2201","-7.7","-11.7",,,,,"78.1","2628","7.4","-60.3","80.1","2623","14.5","-41.9"
"Kremer, Dean","665152","2022","3.23",22.2,"93.5","2235","-8.9","-14.8",,,,,"76.5","2697","11.1","-62.2",,,,
"Manoah, Alek","666201","2022","2.24",24.8,"93.9","2369","-5.5","-14.3","81.5","2216","14.5","-41",,,,,,,,
"Plesac, Zach","668676","2022","4.31",22,"91.9","2148","-7.4","-13.6","85.4","2125","1.4","-29.9","79.3","2182","1.9","-52.8",,,,
"Gallen, Zac","668678","2022","2.54",23,"94.1","2420","-3.4","-13.4","86.7","2513","7.5","-35.6","81.6","2515","6.7","-53.5",,,,
"Greene, Hunter","668881","2022","4.44",31.9,"98.9","2368","-11.7","-12.1","88.1","2363","4.6","-32",,,,,,,,
"Wilson, Bryse","669060","2022","5.52",17.8,"92.7","2034","-8.5","-17.4","82.5","2194","6.3","-37.9","77.5","2299","16.1","-49",,,,
"Burnes, Corbin","669203","2022","2.94",35.2,"96.1","2578","-5.1","-13.8","88.2","2801","7.4","-35.1","81.6","2761","9.8","-47.5",,,,
"Gilbert, Logan","669302","2022","3.20",24.2,"96.1","2135","-6.4","-11.9","86.9","2289","6.1","-31.6","80.8","2117","4.2","-50.1",,,,
"Bieber, Shane","669456","2022","2.88",29.7,"91.3","2206","-8.5","-15.3","85","2515","2.8","-35.1","82","2197","9.9","-51.6",,,,
"Kirby, George","669923","2022","3.39",21.2,"95.3","2179","-8.8","-15.1","85.5","2185","10.1","-38.1","80.8","2179","9.9","-53.6",,,,
"Detmers, Reid","672282","2022","3.77",25.3,"93.2","2102","10.1","-14.7","86.3","2140","-2.4","-37.3","73.1","2476","-12.2","-67","80.2","2229","-14.8","-47.3"
"Strider, Spencer","675911","2022","2.67",34.9,"98.2","2343","-5.1","-10.7","86.3","2388","5.2","-35.6",,,,,,,,
"Garcia, Luis","677651","2022","3.72",29.1,"94","2408","-7.5","-13.1","79.5","2525","15.2","-45.2","77.1","2577","5.9","-57.1",,,,
"Gray, Josiah","680686","2022","5.02",26.9,"94.4","2216","-10","-13","85.8","2030","1.6","-31.6","82.7","2490","2","-45.4",,,,
"Bradish, Kyle","680694","2022","4.90",23.6,"94.6","2305","1.3","-14.4","86.9","2483","10.8","-37.4","83.2","2517","5.8","-53.1",,,,
"Greinke, Zack","425844","2023","5.06",17.3,"89.5","2248","-2.9","-18.2","79.2","2464","13.6","-41.2","72.4","2408","11.5","-63.2",,,,
"Verlander, Justin","434378","2023","3.22",22.5,"94.3","2428","-8","-12.2","86.9","2512","4.4","-32.4","78.2","2716","7","-58.2",,,,
"Hill, Rich","448179","2023","5.41",19.3,"88.4","2203","6.3","-17.6","77.3","2410","-13.1","-42.8","71.9","2613","-16.8","-66.4","69.4","2523","-21.3","-57"
"Morton, Charlie","450203","2023","3.64",32.2,"94.9","2308","-13.2","-19.5",,,,,"82.3","3088","13.6","-48.3",,,,
"Scherzer, Max","453286","2023","3.77",28.6,"93.7","2360","-10.8","-15.5","84","2300","3.4","-37.2","75.4","2718","14.8","-58.1",,,,
"Lynn, Lance","458681","2023","5.73",28.7,"92.4","2424","-3.2","-18.4","83.1","2464","3.7","-42.5","80.8","2508","14.1","-42.8","81.3","2510","10","-38.3"
"Kershaw, Clayton","477132","2023","2.46",28,"90.7","2325","-0.1","-15.1","86.5","2475","-5.4","-29.8","73.4","2293","-3.9","-66.9",,,,
"Gibson, Kyle","502043","2023","4.73",25.3,"92.1","2260","-5.5","-15.7",,,,,"79.5","2446","6.4","-50.8","81.6","2459","10.6","-40"
"Cobb, Alex","502171","2023","3.87",21.7,"95.8","2140","-6.6","-17.5","86.2","2623","11","-40.1","83.6","2668","7.8","-52.3",,,,
"Darvish, Yu","506433","2023","4.56",25,"94.7","2406","-6.6","-13.3","85.7","2828","5.6","-38.8","76.3","2716","10.8","-61.8","82.4","2792","17.2","-40.4"
"Kelly, Merrill","518876","2023","3.29",27,"92.2","2345","-7.4","-17.4","85.4","2320","1.6","-34.3","82.1","2569","8.9","-51",,,,
"Pérez, Martín","527048","2023","4.45",17.2,"91.8","2023","11.1","-17.4","83.4","2310","-3.5","-32.9","79.1","2443","-3.7","-48.4",,,,
"Anderson, Tyler","542881","2023","5.43",27.8,"90.1","2218","4.9","-15.1","78.3","2371","-7.9","-41.3","72.9","2226","-0.5","-59.7",,,,
"Cole, Gerrit","543037","2023","2.63",26,"96.7","2412","-8.4","-12","89.1","2542","4.7","-32.6","82.9","2783","10.1","-53.9",,,,
"Eovaldi, Nathan","543135","2023","3.63",26.3,"95.1","2168","-12.5","-16.7","83.9","2145","6.8","-37.7","76","1956","9.2","-56.2",,,,
"Gray, Sonny","543243","2023","2.79",26,"92.9","2537","0.5","-19",,,,,"79.5","2643","12.9","-58.1","84.3","2707","15.6","-44.8"
"Hendricks, Kyle","543294","2023","3.74",21.1,"87.8","2134","-5","-20.8",,,,,"73.3","2872","15.7","-61.1",,,,
"Lyles, Jordan","543475","2023","6.28",20.1,"91.2","2250","-6.1","-16.5","81.7","2344","4.2","-33.9","79.4","2437","6.8","-59","80.2","2515","14.2","-41.4"
"Lorenzen, Michael","547179","2023","4.18",21.6,"94.3","2452","-11.8","-14.8","85.2","2542","2.5","-37.6","82.3","2624","3.7","-53.2","83","2570","10.6","-39.8"
"Wheeler, Zack","554430","2023","3.61",28.6,"95.8","2495","-6.3","-14.5",,,,,"81.4","2742","10","-51.7","84.4","2635","13.5","-36.6"
"Corbin, Patrick","571578","2023","5.20",21.2,"91.8","2095","8.3","-18.7","80.5","2150","-2.6","-42.1",,,,,,,,
"Heaney, Andrew","571760","2023","4.15",26.4,"92.5","2413","15.9","-18.3","82","2530","-5.7","-40.9","74.4","2394","-9.9","-53.6",,,,
"Mikolas, Miles","571945","2023","4.78",16.7,"93.3","2275","-5.6","-16.3","86.4","2335","3.7","-33.4","75.8","2490","7.8","-63",,,,
"Stroman, Marcus","573186","2023","3.95",22.3,"92","2412","-6.7","-17","86.1","2784","4.6","-41.1",,,,,,,,
"Kikuchi, Yusei","579328","2023","3.86",28,"95.1","2340","9.8","-14.3","88.7","2427","-2.5","-31.5","83.1","2536","-6.1","-43.1",,,,
"Gausman, Kevin","592332","2023","3.16",28.9,"94.7","2278","-10.6","-13.8","84","2236","1","-34.2",,,,,"77.6","2237","11.8","-38.2"
"Gray, Jon","592351","2023","4.12",26.3,"95.7","2010","-10","-16.9","88","2383","3.5","-32.1","78.2","2499","12.2","-53.8","83.3","2497","11.5","-35.1"
"Smyly, Drew","592767","2023","5.00",27.1,,,,,,,,,"78.6","2120","3.2","-46.3",,,,
"Taillon, Jameson","592791","2023","4.84",22,"93.7","2329","-7.7","-14.2","82.2","2763","7.9","-30.2","80.5","2727","10.4","-52.2","80.9","2706","14.5","-40.1"
"Walker, Taijuan","592836","2023","4.38",20.5,"92.8","2112","-9.1","-15.2",,,,,"74.8","2352","7.8","-60.3","82.5","2595","10.6","-33.2"
"Williams, Trevor","592866","2023","5.55",19,"89.7","2204","-6.4","-22.6","81.7","2179","5.6","-37.8","76.7","2231","8.6","-48.7","76.7","2238","14.2","-41.8"
"Rodriguez, Eduardo","593958","2023","3.30",23.8,"92.2","2165","5.8","-17.5","84.5","2120","-2.2","-37.2",,,,,,,,
"Weaver, Luke","596133","2023","6.40",21.6,"94","2395","-7.5","-15","86.5","2283","3.2","-29.9","81.6","2229","2.2","-47.6","83.2","2335","8.9","-42.2"
"Gomber, Austin","596295","2023","5.50",19,"90.6","2170","7.1","-16.1","84.8","2394","-4.7","-32.8","77.6","2521","-7.6","-56.4",,,,
"Pivetta, Nick","601713","2023","4.04",29.6,"94.6","2347","-4","-10.7","86.6","2392","6.3","-32.4","79.4","2796","8","-61.3","84.2","2494","14.2","-34"
"Bassitt, Chris","605135","2023","3.60",21.9,"92.4","2153","-5.2","-18.8","80.3","2334","7.5","-43.7","70.7","2269","14","-70","73.2","2286","18.3","-53.8"
"Clevinger, Mike","605182","2023","3.77",23.2,"94.3","2267","-7.2","-13.4","79.4","2353","15.1","-46.3","76","2212","7.8","-64.1",,,,
"Nola, Aaron","605400","2023","4.46",26,"92.7","2304","-12.2","-16.8",,,,,"79.4","2591","12.5","-54.8",,,,
"Snell, Blake","605483","2023","2.25",37.3,"95.5","2430","4.6","-11.4","88.4","2345","-3","-28","81","2399","-12.6","-52.6",,,,
"Rea, Colin","607067","2023","4.55",24,"93.2","2154","-7","-16.8",,,,,"78.8","2202","9.1","-55.4","83.1","2208","10.1","-39.2"
"Freeland, Kyle","607536","2023","5.03",17.1,"88.8","2345","6.3","-20.3","84.1","2273","-1.4","-33.6","80.6","2386","-2.4","-47.1",,,,
"Lugo, Seth","607625","2023","3.57",21.8,"93.4","2267","-6.5","-14.5","85.8","2586","5","-34.1","79.6","3234","12.7","-59.5","81.8","2838","14.8","-39.7"
"Giolito, Lucas","608337","2023","4.88",28.8,"93.1","2173","-5.5","-13.5","84","1978","1.6","-38.3","77.9","2334","6.2","-60.3",,,,
"Wacha, Michael","608379","2023","3.22",24.6,"92","2050","-7.3","-13.8",,,,,"74","2150","12","-62.7",,,,
"Eflin, Zach","621107","2023","3.50",24,"92.9","2218","-7.8","-17.7","84.1","2292","5.8","-38.2","79.1","2503","11.5","-51.4","79.7","2477","16.6","-43"
"Berríos, José","621244","2023","3.65",25.4,"94.3","2227","-8.9","-15",,,,,,,,,,,,
"Castillo, Luis","622491","2023","3.34",30.6,"96.3","2287","-12","-16","85.7","2347","1.1","-36.9",,,,,,,,
"Suárez, Ranger","624133","2023","4.18",23,"93.4","1976","6.8","-18.5","84.1","2094","-5.3","-38.2","75.8","2175","-11.3","-58.2",,,,
"López, Pablo","641154","2023","3.66",30.3,"94.9","2262","-5","-16",,,,,"82.5","2655","9","-50.6","84.4","2495","13.2","-38.7"
"Dunning, Dane","641540","2023","3.70",22.2,"90.5","2135","-6.1","-21.7","82.1","2361","3","-42","77.7","2173","10.5","-60.6",,,,
"France, J.P.","641585","2023","3.83",21.9,"93","2426","-1.5","-16.1",,,,,"76","2533","9.9","-66.3","80.1","2635","15.4","-43.3"
"Ober, Bailey","641927","2023","3.43",28.7,"91.3","2313","-7.5","-16.2","81","2105","11.5","-39.7","77.5","2182","8.8","-54.9",,,,
"Peralta, Freddy","642547","2023","3.86",33.6,"94.4","2414","-6.9","-15.3","82.4","2342","7.4","-37.4","76.9","2176","4.2","-51.8",,,,
"Alcantara, Sandy","645261","2023","4.14",25.2,"98","2254","-11.9","-15.1","89.9","2367","0.5","-29.8","86.1","2462","3.4","-39.6",,,,
"Civale, Aaron","650644","2023","3.46",22.7,"91.8","2384","-5","-14.1","82.5","2866","11.6","-38.3","78.1","2985","10.9","-61.3",,,,
"Canning, Griffin","656288","2023","4.32",29.1,"94.7","2139","-7.4","-14.8","88.4","2728","0.1","-38.3","81.8","2406","12","-48.3",,,,
"Cease, Dylan","656302","2023","4.58",31,"95.6","2519","-3.2","-11.2","86.3","2795","2.5","-34.7","80.2","2641","3.6","-58.5",,,,
"Flaherty, Jack","656427","2023","4.99",26.6,"93.1","2306","-2.3","-17.9","84.2","2464","7.2","-37.4","76.2","2494","14.2","-56.7",,,,
"Keller, Mitch","656605","2023","4.21",23.2,"95.2","2377","-9","-15.2",,,,,"78","2604","12.5","-59.9","82.8","2757","18.5","-40.5"
"Kopech, Michael","656629","2023","5.43",26.9,"95.2","2501","-9","-13.1","84.8","2340","5.4","-38","80.6","2387","6.4","-49.4",,,,
"Megill, Tylor","656731","2023","4.70",23.3,"94.9","2126","-7.8","-15.7","84.4","2225","4.2","-40.2","77.2","2316","8","-60",,,,
"Montgomery, Jordan","656756","2023","3.20",25.9,"93.3","2343","6.1","-15.6",,,,,"80.5","2356","-3","-48.7",,,,
"Steele, Justin","657006","2023","3.06",23.8,"91.8","2402","-1.3","-21.5","83.3","2658","-14.1","-39.9","80.7","2681","-10.6","-52.2",,,,
"Webb, Logan","657277","2023","3.25",20.7,"92.6","1980","-9.8","-21.7",,,,,,,,,"84.3","2559","12.3","-38"
"Schmidt, Clarke","657376","2023","4.64",22.6,,,,,,,,,"83.7","2930","16","-46.8","86","2945","9","-32.3"
"Ryan, Joe","657746","2023","4.51",26.8,"92.3","2216","-10.3","-17.6","83.3","2319","4.6","-36",,,,,"79.2","2540","14","-43.1"
"Ohtani, Shohei","660271","2023","3.14",30.8,"96.8","2260","-4.1","-15.1","85.5","2593","7.3","-45.8","75.7","2459","11.8","-62.5","83.6","2498","16","-35.8"
"Irvin, Jake","663623","2023","4.61",17.8,"94.5","2333","-10.5","-15.6",,,,,"80.9","2407","12.5","-47",,,,
"Sandoval, Patrick","663776","2023","4.11",27.7,"93","1989","4.4","-14.8","87","2464","-6.2","-32.5","76.5","2722","-8.6","-60","81.8","2664","-16.8","-43"
"Singer, Brady","663903","2023","5.52",22.7,"90.9","2324","-1.8","-23.1","84","2377","3.4","-37.6",,,,,"81.2","2250","13.3","-37.6"
"Valdez, Framber","664285","2023","3.45",26.7,"95.7","2205","6.3","-13.6","84.7","2636","-2.9","-41.8","80.2","2842","-8.7","-57.2",,,,
"Javier, Cristian","664299","2023","4.56",27.1,"92.7","2255","-5.6","-13.3","79.5","2552","14","-41.1","76.6","2937","12.2","-57.4",,,,
"Kremer, Dean","665152","2023","4.12",24,"94.6","2304","-9.7","-13.8",,,,,"78.1","2756","10.4","-55.6","82.8","2658","12.6","-41.5"
"Garrett, Braxton","666129","2023","3.66",25.3,"90.8","2270","7.4","-18.2","82.8","2210","-10.3","-43.2","77.6","2168","-10.4","-53.4",,,,
"Luzardo, Jesús","666200","2023","3.58",31.4,"96.7","2240","14.1","-15.5","85.1","2320","0.1","-36.3",,,,,,,,
"Gallen, Zac","668678","2023","3.47",26.3,"93.6","2296","-2.9","-14.4","87.5","2433","5.5","-34.7","82.5","2463","4","-51",,,,
"Ashcraft, Graham","668933","2023","4.76",22.1,,,,,"88.3","2832","13.2","-35.5",,,,,,,,
"Gore, MacKenzie","669022","2023","4.42",27.9,"95","2286","4.2","-12.9","88.6","1970","-2.5","-28.9","83.2","2311","1.2","-46.3","84.6","2196","-9.2","-39.4"
"Nelson, Ryne","669194","2023","5.31",20.3,"94.4","2210","-4.1","-12.6","81.7","2405","12.7","-42.2","76.4","2492","6.5","-58.2",,,,
"Burnes, Corbin","669203","2023","3.39",28.7,,,,,"86","2877","12.4","-35.4","79.8","2794","10.4","-54",,,,
"Gilbert, Logan","669302","2023","3.73",26.3,"95.7","2000","-6.1","-12.8","88.7","2009","0.8","-34.4","80.3","2324","7.1","-55.1",,,,
"Bieber, Shane","669456","2023","3.80",24.2,"91.3","2242","-9.6","-15.7","84.6","2532","3.1","-37.7","82.5","2239","11.6","-50.1",,,,
"Kirby, George","669923","2023","3.35",22.9,"96.1","2209","-8.3","-14.4","86.3","2335","11","-39.2","81.8","2343","9.2","-53.9",,,,
"Oviedo, Johan","670912","2023","4.31",26,"95.8","2269","-9.8","-19.5","88.2","2469","5.1","-31.7","80.9","2388","7.1","-42.6",,,,
"Allen, Logan","671106","2023","3.81",24,"91.4","2150","4.1","-16.6","83.6","2222","-6.3","-37",,,,,"78.8","2268","-15.3","-45.1"
"Detmers, Reid","672282","2023","4.48",27.1,"94.3","2095","11","-15.1","88.9","2079","-1.3","-31.8","74.7","2414","-11.4","-64.5","83.5","2478","-8","-46.8"
"Senga, Kodai","673540","2023","2.98",29.7,"95.7","2283","-8","-13.4","84.6","2483","1.7","-36.7","72.8","2489","3.5","-63.1","80.9","2580","12.5","-45.2"
"Strider, Spencer","675911","2023","3.86",38.6,"97.2","2362","-6.1","-10.6","85.6","2345","5.6","-35.9",,,,,,,,
"Miller, Bobby","676272","2023","3.76",26.7,"99","2341","-8.5","-11.3","89.9","2510","4.7","-32.8","80.6","2812","9.4","-56.2","85.3","2695","13.9","-35.9"
"Bibee, Tanner","676440","2023","2.98",26.3,"94.9","2301","-4.5","-13.9","84.7","2794","10.4","-39.1","78.4","2720","10.3","-56.5",,,,
"Sears, JP","676664","2023","4.54",24.7,"93.1","2135","11.2","-16.9","82.1","2450","-1.5","-33.3",,,,,"81.1","2483","-9.9","-36.2"
"Crawford, Kutter","676710","2023","4.04",26.8,"93.6","2488","-9.4","-12.4","82.9","2278","6.1","-35","79.4","2236","7.9","-56.6","82.2","2282","12.5","-37.4"
"Bello, Brayan","678394","2023","4.24",24.4,"95.5","2083","-10","-17","85.3","2276","3.7","-42.3",,,,,,,,
"Rodriguez, Grayson","680570","2023","4.35",26.3,"97.4","2270","-11.4","-13.2","82.3","2402","11.4","-36.7","79.9","2628","9.1","-55.8",,,,
"Gray, Josiah","680686","2023","3.91",26.1,"93.5","2128","-11.3","-15.9","85.9","1878","1","-30.9","82.2","2380","1.7","-44.1","81.9","2466","9","-38.9"
"Bradish, Kyle","680694","2023","2.83",25.9,"94.5","2383","2.9","-17.8","88.1","2650","12.5","-35.4","84.8","2615","5.5","-51",,,,
"Miller, Bryce","682243","2023","4.32",24.1,"95.1","2591","-3.5","-11.8","86.6","2416","2.1","-34.5","78.2","2333","8.6","-60.1","81.2","2187","14.9","-47.4"
"Waldichuk, Ken","686610","2023","5.36",25.1,"93.3","2300","10.2","-16.3",,,,,"74.5","2005","-14.1","-59.2","81.1","2089","-12.9","-41.1"
"Brown, Hunter","686613","2023","5.09",24.8,"95.7","2240","-6.1","-13.1",,,,,"82.9","2472","5.3","-54.7","84.6","2323","9.8","-41.5"
"Elder, Bryce","693821","2023","3.81",23.5,"90.7","2124","-3.9","-18.1","82.7","2414","-0.1","-41.6",,,,,,,,